<?xml version="1.0" encoding="UTF-8"?>
<?NLS TYPE="org.eclipse.help.toc"?>

<toc label="CEViNEdit Help" topic="html/toc.html">
   <topic label="Primeros Pasos">
      <anchor id="firststeps"/>
   </topic>
   <topic label="Personalización de Ecore">
      <anchor id="ecorepersonalization"/>
   </topic>
   <topic label="Generación de Plug-ins GMF">
      <anchor id="gmfgeneration"/>
   </topic>
   <topic label="Importación de Plug-ins a Eclipse">
      <anchor id="importplugins"/>
   </topic>
</toc>
